"Category","Term","Genes","Count","List Total","Pop Hits","Pop Total","P-Value","Benjamini","Fold Enrichment","Bonferroni","FDR","Fisher Exact"
"GOTERM_CC_DIRECT","cytoplasm","39.16%","112","283","6408","29722","8.08e-12","2.55e-9","1.84","2.55e-9","2.41e-9","4.34e-12"
"GOTERM_MF_DIRECT","protein binding","34.97%","100","277","5596","28924","8.19e-11","4.64e-8","1.87","4.64e-8","4.60e-8","4.32e-11"
"UP_KW_CELLULAR_COMPONENT","Cytoplasm","33.22%","95","248","5460","18649","1.76e-3","6.67e-2","1.31","6.46e-2","6.49e-2","1.31e-3"
"GOTERM_CC_DIRECT","nucleus","32.17%","92","283","6018","29722","1.27e-6","1.34e-4","1.61","4.01e-4","1.26e-4","7.77e-7"
"UP_KW_CELLULAR_COMPONENT","Nucleus","29.02%","83","248","5284","18649","5.24e-2","3.98e-1","1.18","8.71e-1","3.88e-1","4.30e-2"
"GOTERM_CC_DIRECT","cytosol","29.02%","83","283","4363","29722","3.65e-10","5.77e-8","2.00","1.15e-7","5.44e-8","1.80e-10"
"GOTERM_CC_DIRECT","plasma membrane","26.57%","76","283","6054","29722","6.82e-3","1.13e-1","1.32","8.85e-1","1.07e-1","5.03e-3"
"GOTERM_CC_DIRECT","membrane","26.57%","76","283","5706","29722","1.43e-3","3.76e-2","1.40","3.64e-1","3.55e-2","9.98e-4"
"UP_KW_PTM","Acetylation","21.33%","61","208","3221","13214","7.20e-2","1.00e+0","1.20","7.58e-1","1.00e+0","5.75e-2"
"UP_SEQ_FEATURE","CARBOHYD:N-linked (GlcNAc...) asparagine","20.98%","60","281","3733","22253","3.45e-2","1.00e+0","1.27","1.00e+0","1.00e+0","2.61e-2"
"GOTERM_CC_DIRECT","nucleoplasm","20.98%","60","283","3572","29722","1.41e-5","8.90e-4","1.76","4.44e-3","8.40e-4","7.81e-6"
"GOTERM_MF_DIRECT","identical protein binding","18.53%","53","277","2094","28924","1.75e-10","4.95e-8","2.64","9.91e-8","4.90e-8","6.45e-11"
"UP_SEQ_FEATURE","TOPO_DOM:Cytoplasmic","18.18%","52","281","3356","22253","8.46e-2","1.00e+0","1.23","1.00e+0","1.00e+0","6.58e-2"
"UP_KW_DOMAIN","Coiled coil","17.13%","49","209","2624","14896","2.61e-2","5.87e-1","1.33","4.56e-1","5.87e-1","1.89e-2"
"UP_KW_LIGAND","Nucleotide-binding","16.08%","46","113","1865","6792","2.24e-3","4.93e-2","1.48","4.82e-2","4.93e-2","1.47e-3"
"GOTERM_MF_DIRECT","metal ion binding","12.94%","37","277","2748","28924","3.20e-2","9.28e-1","1.41","1.00e+0","9.18e-1","2.18e-2"
"GOTERM_CC_DIRECT","extracellular space","12.24%","35","283","1809","29722","1.16e-4","4.59e-3","2.03","3.60e-2","4.33e-3","5.55e-5"
"UP_KW_MOLECULAR_FUNCTION","Hydrolase","11.89%","34","175","1835","12454","7.31e-2","1.00e+0","1.32","9.94e-1","1.00e+0","5.26e-2"
"KEGG_PATHWAY","Metabolic pathways","11.89%","34","140","1650","9565","3.06e-2","1.00e+0","1.41","1.00e+0","1.00e+0","2.08e-2"
"GOTERM_MF_DIRECT","ATP binding","10.84%","31","277","1543","28924","1.83e-4","1.48e-2","2.10","9.85e-2","1.47e-2","8.41e-5"
"INTERPRO","P-loop_NTPase","10.84%","31","286","930","22271","3.48e-6","8.78e-4","2.60","3.51e-3","8.72e-4","1.29e-6"
"GOTERM_CC_DIRECT","mitochondrion","10.49%","30","283","1818","29722","4.43e-3","8.23e-2","1.73","7.54e-1","7.76e-2","2.46e-3"
"GOTERM_CC_DIRECT","nucleolus","9.44%","27","283","966","29722","2.08e-6","1.65e-4","2.94","6.58e-4","1.55e-4","6.87e-7"
"UP_KW_CELLULAR_COMPONENT","Mitochondrion","9.09%","26","248","1306","18649","4.07e-2","3.87e-1","1.50","7.94e-1","3.76e-1","2.57e-2"
"UP_KW_BIOLOGICAL_PROCESS","Immunity","9.09%","26","157","991","11473","1.82e-3","5.90e-2","1.92","1.62e-1","5.90e-2","9.13e-4"
"GOTERM_CC_DIRECT","Golgi apparatus","9.09%","26","283","1149","29722","1.11e-4","4.59e-3","2.38","3.44e-2","4.33e-3","4.51e-5"
"GOTERM_BP_DIRECT","positive regulation of transcription by RNA polymerase II","8.74%","25","281","1284","29712","1.19e-3","1.43e-1","2.06","8.99e-1","1.42e-1","5.58e-4"
"GOTERM_MF_DIRECT","zinc ion binding","8.39%","24","277","1667","28924","4.93e-2","9.28e-1","1.50","1.00e+0","9.18e-1","3.09e-2"
"GOTERM_CC_DIRECT","endoplasmic reticulum","8.39%","24","283","1262","29722","2.24e-3","5.06e-2","2.00","5.08e-1","4.77e-2","1.08e-3"
"GOTERM_CC_DIRECT","endoplasmic reticulum membrane","8.04%","23","283","1110","29722","9.89e-4","2.84e-2","2.18","2.69e-1","2.68e-2","4.38e-4"
"GOTERM_MF_DIRECT","protein homodimerization activity","8.04%","23","277","834","28924","1.92e-5","3.63e-3","2.88","1.08e-2","3.59e-3","6.43e-6"
"GOTERM_MF_DIRECT","DNA binding","7.69%","22","277","1593","28924","8.54e-2","9.28e-1","1.44","1.00e+0","9.18e-1","5.53e-2"
"UP_KW_CELLULAR_COMPONENT","Golgi apparatus","7.69%","22","248","937","18649","1.33e-2","2.53e-1","1.77","3.99e-1","2.46e-1","7.13e-3"
"UP_KW_BIOLOGICAL_PROCESS","Innate immunity","7.34%","21","157","393","11473","3.56e-7","3.45e-5","3.90","3.45e-5","3.45e-5","8.65e-8"
"GOTERM_BP_DIRECT","negative regulation of transcription by RNA polymerase II","6.29%","18","281","1005","29712","1.53e-2","6.26e-1","1.89","1.00e+0","6.23e-1","7.70e-3"
"GOTERM_CC_DIRECT","perinuclear region of cytoplasm","6.29%","18","283","854","29722","3.49e-3","7.03e-2","2.21","6.69e-1","6.63e-2","1.51e-3"
"GOTERM_BP_DIRECT","innate immune response","6.29%","18","281","509","29712","7.93e-6","2.18e-3","3.74","1.52e-2","2.17e-3","2.04e-6"
"GOTERM_BP_DIRECT","response to bacterium","5.94%","17","281","279","29712","1.14e-8","7.35e-6","6.44","2.20e-5","7.30e-6","1.67e-9"
"GOTERM_BP_DIRECT","positive regulation of cell population proliferation","5.59%","16","281","602","29712","6.53e-4","8.38e-2","2.81","7.16e-1","8.33e-2","2.23e-4"
"GOTERM_CC_DIRECT","external side of plasma membrane","5.59%","16","283","551","29722","2.79e-4","9.78e-3","3.05","8.43e-2","9.22e-3","8.72e-5"
"GOTERM_BP_DIRECT","signal transduction","5.24%","15","281","925","29712","5.66e-2","1.00e+0","1.71","1.00e+0","9.94e-1","3.05e-2"
"GOTERM_CC_DIRECT","cell surface","5.24%","15","283","833","29722","2.88e-2","3.37e-1","1.89","1.00e+0","3.18e-1","1.43e-2"
"GOTERM_CC_DIRECT","mitochondrial inner membrane","5.24%","15","283","543","29722","7.57e-4","2.39e-2","2.90","2.13e-1","2.26e-2","2.49e-4"
"GOTERM_MF_DIRECT","GTP binding","5.24%","15","277","390","28924","2.62e-5","3.71e-3","4.02","1.47e-2","3.67e-3","6.23e-6"
"GOTERM_MF_DIRECT","RNA binding","4.90%","14","277","816","28924","5.07e-2","9.28e-1","1.79","1.00e+0","9.18e-1","2.65e-2"
"UP_KW_LIGAND","GTP-binding","4.90%","14","113","367","6792","7.10e-3","7.81e-2","2.29","1.45e-1","7.81e-2","2.92e-3"
"GOTERM_BP_DIRECT","positive regulation of gene expression","4.90%","14","281","586","29712","3.97e-3","3.47e-1","2.53","1.00e+0","3.45e-1","1.50e-3"
"GOTERM_BP_DIRECT","negative regulation of cell population proliferation","4.90%","14","281","397","29712","1.12e-4","2.40e-2","3.73","1.94e-1","2.38e-2","2.88e-5"
"GOTERM_CC_DIRECT","cytoplasmic vesicle","4.90%","14","283","361","29722","4.66e-5","2.46e-3","4.07","1.46e-2","2.32e-3","1.10e-5"
"GOTERM_BP_DIRECT","positive regulation of DNA-templated transcription","4.55%","13","281","782","29712","6.84e-2","1.00e+0","1.76","1.00e+0","9.94e-1","3.62e-2"
"GOTERM_MF_DIRECT","protein-containing complex binding","4.55%","13","277","687","28924","3.32e-2","9.28e-1","1.98","1.00e+0","9.18e-1","1.57e-2"
"GOTERM_BP_DIRECT","chromatin remodeling","4.55%","13","281","671","29712","2.63e-2","8.30e-1","2.05","1.00e+0","8.25e-1","1.20e-2"
"GOTERM_CC_DIRECT","Golgi membrane","4.55%","13","283","613","29722","1.48e-2","1.94e-1","2.23","9.91e-1","1.83e-1","6.29e-3"
"GOTERM_MF_DIRECT","GTPase activity","4.55%","13","277","314","28924","5.40e-5","5.11e-3","4.32","3.02e-2","5.05e-3","1.19e-5"
"GOTERM_MF_DIRECT","hydrolase activity","4.55%","13","277","306","28924","4.24e-5","4.81e-3","4.44","2.38e-2","4.76e-3","9.11e-6"
"GOTERM_BP_DIRECT","defense response to virus","4.55%","13","281","252","29712","5.46e-6","1.75e-3","5.45","1.05e-2","1.74e-3","9.54e-7"
"UP_SEQ_FEATURE","TRANSIT:Mitochondrion","4.20%","12","281","538","22253","7.92e-2","1.00e+0","1.77","1.00e+0","1.00e+0","4.15e-2"
"GOTERM_BP_DIRECT","apoptotic process","4.20%","12","281","583","29712","2.29e-2","7.92e-1","2.18","1.00e+0","7.87e-1","1.01e-2"
"GOTERM_MF_DIRECT","chromatin binding","4.20%","12","277","561","28924","1.99e-2","6.27e-1","2.23","1.00e+0","6.20e-1","8.36e-3"
"GOTERM_CC_DIRECT","chromatin","4.20%","12","283","523","29722","1.18e-2","1.78e-1","2.41","9.77e-1","1.68e-1","4.65e-3"
"GOTERM_BP_DIRECT","positive regulation of apoptotic process","4.20%","12","281","399","29712","1.54e-3","1.65e-1","3.18","9.48e-1","1.64e-1","4.60e-4"
"GOTERM_BP_DIRECT","cellular response to interferon-beta","4.20%","12","281","71","29712","6.64e-11","1.28e-7","17.87","1.28e-7","1.27e-7","3.16e-12"
"GOTERM_MF_DIRECT","protein kinase binding","3.85%","11","277","569","28924","4.76e-2","9.28e-1","2.02","1.00e+0","9.18e-1","2.19e-2"
"GOTERM_CC_DIRECT","apical plasma membrane","3.85%","11","283","486","29722","1.86e-2","2.35e-1","2.38","9.97e-1","2.22e-1","7.37e-3"
"GOTERM_MF_DIRECT","enzyme binding","3.85%","11","277","464","28924","1.42e-2","5.38e-1","2.48","1.00e+0","5.32e-1","5.43e-3"
"GOTERM_MF_DIRECT","ATP hydrolysis activity","3.85%","11","277","423","28924","7.81e-3","3.69e-1","2.72","9.88e-1","3.65e-1","2.74e-3"
"GOTERM_BP_DIRECT","positive regulation of cell migration","3.85%","11","281","268","29712","2.49e-4","3.99e-2","4.34","3.81e-1","3.97e-2","5.47e-5"
"KEGG_PATHWAY","Cytokine-cytokine receptor interaction","3.50%","10","140","294","9565","2.74e-2","1.00e+0","2.32","9.99e-1","1.00e+0","1.10e-2"
"GOTERM_BP_DIRECT","inflammatory response","3.50%","10","281","409","29712","1.62e-2","6.49e-1","2.59","1.00e+0","6.45e-1","5.90e-3"
"GOTERM_MF_DIRECT","magnesium ion binding","3.50%","10","277","243","28924","5.80e-4","3.92e-2","4.30","2.81e-1","3.88e-2","1.28e-4"
"UP_KW_CELLULAR_COMPONENT","Mitochondrion inner membrane","3.15%","9","248","342","18649","8.56e-2","5.10e-1","1.98","9.67e-1","4.96e-1","3.98e-2"
"KEGG_PATHWAY","Prion disease","3.15%","9","140","273","9565","4.54e-2","1.00e+0","2.25","1.00e+0","1.00e+0","1.87e-2"
"GOTERM_BP_DIRECT","gene expression","3.15%","9","281","417","29712","4.49e-2","1.00e+0","2.28","1.00e+0","9.94e-1","1.84e-2"
"UP_SEQ_FEATURE","CROSSLNK:Glycyl lysine isopeptide (Lys-Gly) (interchain with G-Cter in ubiquitin)","3.15%","9","281","305","22253","3.99e-2","1.00e+0","2.34","1.00e+0","1.00e+0","1.59e-2"
"GOTERM_BP_DIRECT","angiogenesis","3.15%","9","281","288","29712","6.18e-3","4.41e-1","3.30","1.00e+0","4.38e-1","1.78e-3"
"UP_KW_BIOLOGICAL_PROCESS","Inflammatory response","3.15%","9","157","200","11473","5.98e-3","1.45e-1","3.29","4.41e-1","1.45e-1","1.71e-3"
"UP_KW_MOLECULAR_FUNCTION","Lyase","3.15%","9","175","177","12454","3.42e-3","2.29e-1","3.62","2.05e-1","2.29e-1","8.88e-4"
"GOTERM_BP_DIRECT","cellular response to type II interferon","3.15%","9","281","101","29712","5.33e-6","1.75e-3","9.42","1.02e-2","1.74e-3","5.20e-7"
"GOTERM_BP_DIRECT","defense response to protozoan","3.15%","9","281","43","29712","6.13e-9","5.91e-6","22.13","1.18e-5","5.87e-6","2.27e-10"
"GOTERM_MF_DIRECT","protein serine kinase activity","2.80%","8","277","366","28924","6.27e-2","9.28e-1","2.28","1.00e+0","9.18e-1","2.55e-2"
"GOTERM_CC_DIRECT","neuron projection","2.80%","8","283","360","29722","5.70e-2","5.45e-1","2.33","1.00e+0","5.14e-1","2.27e-2"
"GOTERM_BP_DIRECT","cellular response to lipopolysaccharide","2.80%","8","281","307","29712","2.71e-2","8.42e-1","2.76","1.00e+0","8.36e-1","9.17e-3"
"GOTERM_BP_DIRECT","cell surface receptor signaling pathway","2.80%","8","281","260","29712","1.20e-2","5.90e-1","3.25","1.00e+0","5.86e-1","3.48e-3"
"UP_KW_BIOLOGICAL_PROCESS","Lipid biosynthesis","2.80%","8","157","172","11473","9.07e-3","1.76e-1","3.40","5.87e-1","1.76e-1","2.50e-3"
"GOTERM_BP_DIRECT","positive regulation of ERK1 and ERK2 cascade","2.80%","8","281","231","29712","6.53e-3","4.49e-1","3.66","1.00e+0","4.46e-1","1.68e-3"
"GOTERM_CC_DIRECT","focal adhesion","2.80%","8","283","205","29722","3.56e-3","7.03e-2","4.10","6.76e-1","6.63e-2","8.21e-4"
"GOTERM_BP_DIRECT","negative regulation of viral genome replication","2.80%","8","281","55","29712","8.44e-7","4.07e-4","15.38","1.62e-3","4.04e-4","4.80e-8"
"GOTERM_CC_DIRECT","collagen-containing extracellular matrix","2.45%","7","283","331","29722","9.64e-2","7.81e-1","2.22","1.00e+0","7.37e-1","3.98e-2"
"KEGG_PATHWAY","NOD-like receptor signaling pathway","2.45%","7","140","216","9565","9.47e-2","1.00e+0","2.21","1.00e+0","1.00e+0","3.92e-2"
"UP_KW_MOLECULAR_FUNCTION","Cytokine","2.45%","7","175","202","12454","6.42e-2","1.00e+0","2.47","9.88e-1","1.00e+0","2.40e-2"
"GOTERM_CC_DIRECT","nuclear membrane","2.45%","7","283","275","29722","4.80e-2","4.74e-1","2.67","1.00e+0","4.47e-1","1.68e-2"
"GOTERM_BP_DIRECT","ubiquitin-dependent protein catabolic process","2.45%","7","281","236","29712","2.49e-2","8.13e-1","3.14","1.00e+0","8.07e-1","7.47e-3"
"GOTERM_BP_DIRECT","transmembrane transport","2.45%","7","281","211","29712","1.53e-2","6.26e-1","3.51","1.00e+0","6.23e-1","4.10e-3"
"GOTERM_CC_DIRECT","cell cortex","2.45%","7","283","202","29722","1.30e-2","1.86e-1","3.64","9.84e-1","1.75e-1","3.35e-3"
"GOTERM_BP_DIRECT","ossification","2.45%","7","281","163","29712","4.60e-3","3.51e-1","4.54","1.00e+0","3.49e-1","9.55e-4"
"KEGG_PATHWAY","Glutathione metabolism","2.45%","7","140","73","9565","6.47e-4","1.61e-1","6.55","1.48e-1","1.61e-1","9.02e-5"
"GOTERM_BP_DIRECT","response to virus","2.45%","7","281","109","29712","5.97e-4","8.22e-2","6.79","6.84e-1","8.17e-2","8.23e-5"
"GOTERM_BP_DIRECT","response to cytokine","2.45%","7","281","85","29712","1.56e-4","3.00e-2","8.71","2.59e-1","2.98e-2","1.65e-5"
"GOTERM_MF_DIRECT","histone H3T11 kinase activity","2.10%","6","277","255","28924","9.82e-2","9.28e-1","2.46","1.00e+0","9.18e-1","3.67e-2"
"GOTERM_MF_DIRECT","histone H3T6 kinase activity","2.10%","6","277","255","28924","9.82e-2","9.28e-1","2.46","1.00e+0","9.18e-1","3.67e-2"
"GOTERM_MF_DIRECT","histone H3T45 kinase activity","2.10%","6","277","254","28924","9.70e-2","9.28e-1","2.47","1.00e+0","9.18e-1","3.61e-2"
"GOTERM_MF_DIRECT","histone H3S28 kinase activity","2.10%","6","277","253","28924","9.56e-2","9.28e-1","2.48","1.00e+0","9.18e-1","3.55e-2"
"GOTERM_MF_DIRECT","histone H2AT120 kinase activity","2.10%","6","277","253","28924","9.56e-2","9.28e-1","2.48","1.00e+0","9.18e-1","3.55e-2"
"GOTERM_MF_DIRECT","histone H2BS14 kinase activity","2.10%","6","277","253","28924","9.56e-2","9.28e-1","2.48","1.00e+0","9.18e-1","3.55e-2"
"GOTERM_MF_DIRECT","histone H3T3 kinase activity","2.10%","6","277","253","28924","9.56e-2","9.28e-1","2.48","1.00e+0","9.18e-1","3.55e-2"
"GOTERM_MF_DIRECT","histone H4S1 kinase activity","2.10%","6","277","253","28924","9.56e-2","9.28e-1","2.48","1.00e+0","9.18e-1","3.55e-2"
"GOTERM_MF_DIRECT","histone H2BS36 kinase activity","2.10%","6","277","253","28924","9.56e-2","9.28e-1","2.48","1.00e+0","9.18e-1","3.55e-2"
"GOTERM_MF_DIRECT","histone H3S57 kinase activity","2.10%","6","277","253","28924","9.56e-2","9.28e-1","2.48","1.00e+0","9.18e-1","3.55e-2"
"GOTERM_MF_DIRECT","histone H2AS1 kinase activity","2.10%","6","277","253","28924","9.56e-2","9.28e-1","2.48","1.00e+0","9.18e-1","3.55e-2"
"GOTERM_MF_DIRECT","histone H2AS121 kinase activity","2.10%","6","277","253","28924","9.56e-2","9.28e-1","2.48","1.00e+0","9.18e-1","3.55e-2"
"GOTERM_MF_DIRECT","eukaryotic translation initiation factor 2alpha kinase activity","2.10%","6","277","253","28924","9.56e-2","9.28e-1","2.48","1.00e+0","9.18e-1","3.55e-2"
"GOTERM_MF_DIRECT","Rho-dependent protein serine/threonine kinase activity","2.10%","6","277","253","28924","9.56e-2","9.28e-1","2.48","1.00e+0","9.18e-1","3.55e-2"
"GOTERM_MF_DIRECT","DNA-dependent protein kinase activity","2.10%","6","277","253","28924","9.56e-2","9.28e-1","2.48","1.00e+0","9.18e-1","3.55e-2"
"GOTERM_MF_DIRECT","3-phosphoinositide-dependent protein kinase activity","2.10%","6","277","253","28924","9.56e-2","9.28e-1","2.48","1.00e+0","9.18e-1","3.55e-2"
"GOTERM_MF_DIRECT","histone H3S10 kinase activity","2.10%","6","277","253","28924","9.56e-2","9.28e-1","2.48","1.00e+0","9.18e-1","3.55e-2"
"GOTERM_MF_DIRECT","ribosomal protein S6 kinase activity","2.10%","6","277","253","28924","9.56e-2","9.28e-1","2.48","1.00e+0","9.18e-1","3.55e-2"
"GOTERM_MF_DIRECT","histone H2AXS139 kinase activity","2.10%","6","277","253","28924","9.56e-2","9.28e-1","2.48","1.00e+0","9.18e-1","3.55e-2"
"GOTERM_BP_DIRECT","defense response to bacterium","2.10%","6","281","252","29712","8.98e-2","1.00e+0","2.52","1.00e+0","9.94e-1","3.33e-2"
"GOTERM_BP_DIRECT","regulation of cell cycle","2.10%","6","281","247","29712","8.48e-2","1.00e+0","2.57","1.00e+0","9.94e-1","3.06e-2"
"GOTERM_CC_DIRECT","nuclear envelope","2.10%","6","283","228","29722","6.69e-2","6.22e-1","2.76","1.00e+0","5.86e-1","2.24e-2"
"KEGG_PATHWAY","Measles","2.10%","6","140","145","9565","6.00e-2","1.00e+0","2.83","1.00e+0","1.00e+0","1.96e-2"
"GOTERM_CC_DIRECT","receptor complex","2.10%","6","283","205","29722","4.64e-2","4.73e-1","3.07","1.00e+0","4.46e-1","1.41e-2"
"GOTERM_BP_DIRECT","cell-cell adhesion","2.10%","6","281","199","29712","4.07e-2","1.00e+0","3.19","1.00e+0","9.94e-1","1.19e-2"
"UP_KW_MOLECULAR_FUNCTION","Protease inhibitor","2.10%","6","175","129","12454","3.46e-2","1.00e+0","3.31","9.06e-1","1.00e+0","9.70e-3"
"GOTERM_MF_DIRECT","protease binding","2.10%","6","277","162","28924","1.99e-2","6.27e-1","3.87","1.00e+0","6.20e-1","4.81e-3"
"UP_SEQ_FEATURE","ACT_SITE:Proton donor/acceptor","2.10%","6","281","111","22253","1.32e-2","1.00e+0","4.28","1.00e+0","1.00e+0","2.88e-3"
"UP_KW_BIOLOGICAL_PROCESS","Antiviral defense","2.10%","6","157","101","11473","1.21e-2","1.96e-1","4.34","6.94e-1","1.96e-1","2.60e-3"
"GOTERM_BP_DIRECT","lipid transport","2.10%","6","281","115","29712","4.74e-3","3.51e-1","5.52","1.00e+0","3.49e-1","8.07e-4"
"GOTERM_BP_DIRECT","autophagosome assembly","2.10%","6","281","85","29712","1.27e-3","1.44e-1","7.46","9.14e-1","1.43e-1","1.59e-4"
"GOTERM_MF_DIRECT","double-stranded RNA binding","2.10%","6","277","82","28924","1.14e-3","5.90e-2","7.64","4.77e-1","5.83e-2","1.39e-4"
"GOTERM_BP_DIRECT","positive regulation of interleukin-1 beta production","2.10%","6","281","68","29712","4.60e-4","6.82e-2","9.33","5.88e-1","6.78e-2","4.54e-5"
"GOTERM_BP_DIRECT","type I interferon-mediated signaling pathway","2.10%","6","281","57","29712","2.01e-4","3.52e-2","11.13","3.21e-1","3.50e-2","1.64e-5"
"GOTERM_BP_DIRECT","response to type II interferon","2.10%","6","281","35","29712","1.85e-5","4.45e-3","18.13","3.49e-2","4.42e-3","8.74e-7"
"INTERPRO","G_IRG_dom","2.10%","6","286","19","22271","3.33e-6","8.78e-4","24.59","3.35e-3","8.72e-4","1.00e-7"
"UP_SEQ_FEATURE","DOMAIN:IRG-type G","2.10%","6","281","19","22253","3.06e-6","4.11e-3","25.01","4.10e-3","4.11e-3","9.08e-8"
"INTERPRO","IRG","2.10%","6","286","18","22271","2.48e-6","8.78e-4","25.96","2.50e-3","8.72e-4","6.94e-8"
"INTERPRO","Immunity-related_GTPase-like","2.10%","6","286","18","22271","2.48e-6","8.78e-4","25.96","2.50e-3","8.72e-4","6.94e-8"
"KEGG_PATHWAY","Thyroid hormone signaling pathway","1.75%","5","140","120","9565","9.72e-2","1.00e+0","2.85","1.00e+0","1.00e+0","3.13e-2"
"GOTERM_BP_DIRECT","defense response to Gram-positive bacterium","1.75%","5","281","183","29712","9.54e-2","1.00e+0","2.89","1.00e+0","9.94e-1","3.04e-2"
"KEGG_PATHWAY","TNF signaling pathway","1.75%","5","140","118","9565","9.28e-2","1.00e+0","2.89","1.00e+0","1.00e+0","2.94e-2"
"GOTERM_MF_DIRECT","histone binding","1.75%","5","277","172","28924","8.31e-2","9.28e-1","3.04","1.00e+0","9.18e-1","2.52e-2"
"KEGG_PATHWAY","Th17 cell differentiation","1.75%","5","140","105","9565","6.65e-2","1.00e+0","3.25","1.00e+0","1.00e+0","1.88e-2"
"GOTERM_BP_DIRECT","positive regulation of angiogenesis","1.75%","5","281","161","29712","6.64e-2","1.00e+0","3.28","1.00e+0","9.94e-1","1.88e-2"
"GOTERM_MF_DIRECT","growth factor activity","1.75%","5","277","153","28924","5.93e-2","9.28e-1","3.41","1.00e+0","9.18e-1","1.61e-2"
"GOTERM_BP_DIRECT","cellular response to hypoxia","1.75%","5","281","145","29712","4.87e-2","1.00e+0","3.65","1.00e+0","9.94e-1","1.25e-2"
"KEGG_PATHWAY","Hematopoietic cell lineage","1.75%","5","140","94","9565","4.78e-2","1.00e+0","3.63","1.00e+0","1.00e+0","1.21e-2"
"GOTERM_BP_DIRECT","cytokine-mediated signaling pathway","1.75%","5","281","143","29712","4.67e-2","1.00e+0","3.70","1.00e+0","9.94e-1","1.18e-2"
"GOTERM_CC_DIRECT","nuclear matrix","1.75%","5","283","138","29722","4.28e-2","4.51e-1","3.81","1.00e+0","4.25e-1","1.05e-2"
"GOTERM_MF_DIRECT","transmembrane signaling receptor activity","1.75%","5","277","137","28924","4.26e-2","9.28e-1","3.81","1.00e+0","9.18e-1","1.04e-2"
"GOTERM_MF_DIRECT","serine-type endopeptidase inhibitor activity","1.75%","5","277","135","28924","4.07e-2","9.28e-1","3.87","1.00e+0","9.18e-1","9.82e-3"
"KEGG_PATHWAY","Th1 and Th2 cell differentiation","1.75%","5","140","88","9565","3.90e-2","1.00e+0","3.88","1.00e+0","1.00e+0","9.28e-3"
"KEGG_PATHWAY","PD-L1 expression and PD-1 checkpoint pathway in cancer","1.75%","5","140","88","9565","3.90e-2","1.00e+0","3.88","1.00e+0","1.00e+0","9.28e-3"
"GOTERM_BP_DIRECT","protein-containing complex assembly","1.75%","5","281","131","29712","3.57e-2","9.54e-1","4.04","1.00e+0","9.49e-1","8.27e-3"
"GOTERM_BP_DIRECT","positive regulation of tumor necrosis factor production","1.75%","5","281","122","29712","2.86e-2","8.73e-1","4.33","1.00e+0","8.68e-1","6.16e-3"
"SMART","LIM","1.75%","5","151","74","10943","1.86e-2","1.00e+0","4.90","9.39e-1","1.00e+0","3.51e-3"
"GOTERM_BP_DIRECT","positive regulation of DNA-binding transcription factor activity","1.75%","5","281","106","29712","1.81e-2","6.85e-1","4.99","1.00e+0","6.80e-1","3.40e-3"
"INTERPRO","Znf_LIM","1.75%","5","286","74","22271","1.50e-2","1.00e+0","5.26","1.00e+0","9.94e-1","2.64e-3"
"GOTERM_CC_DIRECT","caveola","1.75%","5","283","97","29722","1.38e-2","1.90e-1","5.41","9.88e-1","1.79e-1","2.39e-3"
"GOTERM_BP_DIRECT","cartilage development","1.75%","5","281","96","29712","1.30e-2","5.98e-1","5.51","1.00e+0","5.94e-1","2.22e-3"
"GOTERM_BP_DIRECT","positive regulation of epithelial cell proliferation","1.75%","5","281","94","29712","1.21e-2","5.90e-1","5.62","1.00e+0","5.86e-1","2.02e-3"
"GOTERM_BP_DIRECT","mitochondrial translation","1.75%","5","281","93","29712","1.17e-2","5.90e-1","5.68","1.00e+0","5.86e-1","1.93e-3"
"GOTERM_BP_DIRECT","epithelial cell proliferation","1.75%","5","281","91","29712","1.09e-2","5.86e-1","5.81","1.00e+0","5.83e-1","1.75e-3"
"UP_SEQ_FEATURE","DOMAIN:LIM zinc-binding","1.75%","5","281","66","22253","9.60e-3","1.00e+0","6.00","1.00e+0","1.00e+0","1.48e-3"
"GOTERM_BP_DIRECT","cell surface receptor protein tyrosine kinase signaling pathway","1.75%","5","281","87","29712","9.32e-3","5.44e-1","6.08","1.00e+0","5.41e-1","1.43e-3"
"GOTERM_BP_DIRECT","positive regulation of smooth muscle cell proliferation","1.75%","5","281","85","29712","8.60e-3","5.18e-1","6.22","1.00e+0","5.15e-1","1.29e-3"
"GOTERM_BP_DIRECT","antiviral innate immune response","1.75%","5","281","70","29712","4.35e-3","3.51e-1","7.55","1.00e+0","3.49e-1","5.35e-4"
"COG_ONTOLOGY","DNA replication, recombination, and repair","1.75%","5","19","70","2099","2.44e-3","2.19e-2","7.89","2.17e-2","2.19e-2","2.89e-4"
"GOTERM_BP_DIRECT","activation of innate immune response","1.75%","5","281","57","29712","2.06e-3","2.09e-1","9.28","9.81e-1","2.08e-1","2.05e-4"
"UP_KW_BIOLOGICAL_PROCESS","Osteogenesis","1.75%","5","157","37","11473","1.53e-3","5.90e-2","9.88","1.38e-1","5.90e-2","1.38e-4"
"GOTERM_MF_DIRECT","NADP binding","1.75%","5","277","43","28924","7.47e-4","4.24e-2","12.14","3.45e-1","4.19e-2","5.55e-5"
"GOTERM_MF_DIRECT","membrane scission GTPase motor activity","1.75%","5","277","41","28924","6.22e-4","3.92e-2","12.73","2.97e-1","3.88e-2","4.39e-5"
"INTERPRO","Guanylate-bd_N","1.75%","5","286","16","22271","4.23e-5","4.75e-3","24.33","4.18e-2","4.71e-3","1.31e-6"
"INTERPRO","G_GB1_RHD3_dom","1.75%","5","286","16","22271","4.23e-5","4.75e-3","24.33","4.18e-2","4.71e-3","1.31e-6"
"UP_SEQ_FEATURE","DOMAIN:GB1/RHD3-type G","1.75%","5","281","16","22253","3.96e-5","2.66e-2","24.75","5.18e-2","2.66e-2","1.21e-6"
"INTERPRO","Guanylate-bd/ATL_C","1.75%","5","286","15","22271","3.21e-5","4.62e-3","25.96","3.18e-2","4.59e-3","9.11e-7"
"INTERPRO","Guanylate-bd_C_sf","1.75%","5","286","15","22271","3.21e-5","4.62e-3","25.96","3.18e-2","4.59e-3","9.11e-7"
"INTERPRO","GBP_C","1.75%","5","286","11","22271","8.07e-6","1.63e-3","35.40","8.11e-3","1.62e-3","1.46e-7"
"GOTERM_MF_DIRECT","single-stranded DNA binding","1.40%","4","277","111","28924","9.03e-2","9.28e-1","3.76","1.00e+0","9.18e-1","2.22e-2"
"UP_KW_BIOLOGICAL_PROCESS","Translocation","1.40%","4","157","78","11473","8.99e-2","1.00e+0","3.75","1.00e+0","1.00e+0","2.20e-2"
"GOTERM_CC_DIRECT","intracellular anatomical structure","1.40%","4","283","110","29722","8.73e-2","7.45e-1","3.82","1.00e+0","7.03e-1","2.12e-2"
"KEGG_PATHWAY","Drug metabolism - cytochrome P450","1.40%","4","140","72","9565","8.70e-2","1.00e+0","3.80","1.00e+0","1.00e+0","2.10e-2"
"GOTERM_BP_DIRECT","xenobiotic metabolic process","1.40%","4","281","106","29712","7.89e-2","1.00e+0","3.99","1.00e+0","9.94e-1","1.83e-2"
"UP_KW_DOMAIN","LIM domain","1.40%","4","209","70","14896","7.45e-2","5.87e-1","4.07","8.31e-1","5.87e-1","1.68e-2"
"GOTERM_BP_DIRECT","DNA replication","1.40%","4","281","103","29712","7.38e-2","1.00e+0","4.11","1.00e+0","9.94e-1","1.67e-2"
"GOTERM_MF_DIRECT","monooxygenase activity","1.40%","4","277","100","28924","7.09e-2","9.28e-1","4.18","1.00e+0","9.18e-1","1.58e-2"
"GOTERM_BP_DIRECT","response to toxic substance","1.40%","4","281","92","29712","5.64e-2","1.00e+0","4.60","1.00e+0","9.94e-1","1.14e-2"
"GOTERM_BP_DIRECT","positive regulation of inflammatory response","1.40%","4","281","90","29712","5.35e-2","1.00e+0","4.70","1.00e+0","9.94e-1","1.06e-2"
"KEGG_PATHWAY","Nucleotide excision repair","1.40%","4","140","58","9565","5.19e-2","1.00e+0","4.71","1.00e+0","1.00e+0","1.01e-2"
"GOTERM_BP_DIRECT","negative regulation of epithelial cell proliferation","1.40%","4","281","86","29712","4.79e-2","1.00e+0","4.92","1.00e+0","9.94e-1","9.07e-3"
"KEGG_PATHWAY","Pyrimidine metabolism","1.40%","4","140","56","9565","4.76e-2","1.00e+0","4.88","1.00e+0","1.00e+0","8.97e-3"
"UP_SEQ_FEATURE","CARBOHYD:O-linked (GlcNAc) serine","1.40%","4","281","64","22253","4.68e-2","1.00e+0","4.95","1.00e+0","1.00e+0","8.74e-3"
"GOTERM_BP_DIRECT","determination of left/right symmetry","1.40%","4","281","85","29712","4.65e-2","1.00e+0","4.98","1.00e+0","9.94e-1","8.71e-3"
"GOTERM_BP_DIRECT","killing of cells of another organism","1.40%","4","281","83","29712","4.38e-2","1.00e+0","5.10","1.00e+0","9.94e-1","8.02e-3"
"GOTERM_BP_DIRECT","positive regulation of osteoblast differentiation","1.40%","4","281","80","29712","4.00e-2","1.00e+0","5.29","1.00e+0","9.94e-1","7.06e-3"
"GOTERM_BP_DIRECT","skeletal muscle tissue development","1.40%","4","281","79","29712","3.88e-2","9.83e-1","5.35","1.00e+0","9.76e-1","6.75e-3"
"GOTERM_BP_DIRECT","negative regulation of NF-kappaB transcription factor activity","1.40%","4","281","77","29712","3.64e-2","9.54e-1","5.49","1.00e+0","9.49e-1","6.17e-3"
"GOTERM_BP_DIRECT","response to peptide hormone","1.40%","4","281","77","29712","3.64e-2","9.54e-1","5.49","1.00e+0","9.49e-1","6.17e-3"
"GOTERM_MF_DIRECT","chloride channel activity","1.40%","4","277","76","28924","3.63e-2","9.28e-1","5.50","1.00e+0","9.18e-1","6.16e-3"
"UP_KW_CELLULAR_COMPONENT","Proteasome","1.40%","4","248","52","18649","3.15e-2","3.87e-1","5.78","7.04e-1","3.76e-1","5.01e-3"
"GOTERM_BP_DIRECT","apoptotic signaling pathway","1.40%","4","281","72","29712","3.07e-2","9.09e-1","5.87","1.00e+0","9.03e-1","4.87e-3"
"INTERPRO","PMP22/EMP/MP20/Claudin","1.40%","4","286","51","22271","2.75e-2","1.00e+0","6.11","1.00e+0","9.94e-1","4.14e-3"
"GOTERM_BP_DIRECT","positive regulation of protein kinase activity","1.40%","4","281","67","29712","2.55e-2","8.18e-1","6.31","1.00e+0","8.13e-1","3.76e-3"
"UP_SEQ_FEATURE","DOMAIN:LIM zinc-binding 2","1.40%","4","281","50","22253","2.50e-2","1.00e+0","6.34","1.00e+0","1.00e+0","3.63e-3"
"UP_SEQ_FEATURE","DOMAIN:LIM zinc-binding 1","1.40%","4","281","50","22253","2.50e-2","1.00e+0","6.34","1.00e+0","1.00e+0","3.63e-3"
"GOTERM_BP_DIRECT","epidermis development","1.40%","4","281","65","29712","2.36e-2","7.96e-1","6.51","1.00e+0","7.91e-1","3.37e-3"
"GOTERM_BP_DIRECT","collagen fibril organization","1.40%","4","281","61","29712","1.99e-2","7.25e-1","6.93","1.00e+0","7.20e-1","2.68e-3"
"GOTERM_BP_DIRECT","glutathione metabolic process","1.40%","4","281","55","29712","1.51e-2","6.26e-1","7.69","1.00e+0","6.23e-1","1.83e-3"
"GOTERM_BP_DIRECT","positive regulation of epithelial to mesenchymal transition","1.40%","4","281","53","29712","1.37e-2","6.00e-1","7.98","1.00e+0","5.96e-1","1.59e-3"
"GOTERM_BP_DIRECT","blood vessel remodeling","1.40%","4","281","52","29712","1.30e-2","5.98e-1","8.13","1.00e+0","5.94e-1","1.48e-3"
"GOTERM_BP_DIRECT","positive regulation of G1/S transition of mitotic cell cycle","1.40%","4","281","47","29712","9.89e-3","5.60e-1","9.00","1.00e+0","5.57e-1","1.01e-3"
"GOTERM_BP_DIRECT","regulation of ERK1 and ERK2 cascade","1.40%","4","281","42","29712","7.25e-3","4.81e-1","10.07","1.00e+0","4.78e-1","6.61e-4"
"GOTERM_BP_DIRECT","monocyte differentiation","1.40%","4","281","28","29712","2.28e-3","2.19e-1","15.11","9.88e-1","2.18e-1","1.34e-4"
"INTERPRO","PMP-22/EMP/MP20-like","1.40%","4","286","13","22271","5.39e-4","4.95e-2","23.96","4.20e-1","4.91e-2","1.74e-5"
"INTERPRO","PMP22_EMP_MP20","1.40%","4","286","7","22271","6.99e-5","7.05e-3","44.50","6.81e-2","7.00e-3","9.04e-7"
"UP_KW_CELLULAR_COMPONENT","Nuclear pore complex","1.05%","3","248","40","18649","9.82e-2","5.10e-1","5.64","9.80e-1","4.96e-1","1.60e-2"
"UP_SEQ_FEATURE","REGION:Linker","1.05%","3","281","42","22253","9.79e-2","1.00e+0","5.66","1.00e+0","1.00e+0","1.59e-2"
"INTERPRO","RA_dom","1.05%","3","286","41","22271","9.67e-2","1.00e+0","5.70","1.00e+0","9.94e-1","1.56e-2"
"GOTERM_CC_DIRECT","presynaptic active zone","1.05%","3","283","55","29722","9.60e-2","7.81e-1","5.73","1.00e+0","7.37e-1","1.56e-2"
"KEGG_PATHWAY","Primary immunodeficiency","1.05%","3","140","36","9565","9.59e-2","1.00e+0","5.69","1.00e+0","1.00e+0","1.54e-2"
"KEGG_PATHWAY","DNA replication","1.05%","3","140","36","9565","9.59e-2","1.00e+0","5.69","1.00e+0","1.00e+0","1.54e-2"
"UP_SEQ_FEATURE","DOMAIN:GST C-terminal","1.05%","3","281","41","22253","9.40e-2","1.00e+0","5.79","1.00e+0","1.00e+0","1.49e-2"
"UP_SEQ_FEATURE","DOMAIN:Ras-associating","1.05%","3","281","41","22253","9.40e-2","1.00e+0","5.79","1.00e+0","1.00e+0","1.49e-2"
"GOTERM_BP_DIRECT","regulation of cell adhesion","1.05%","3","281","53","29712","8.92e-2","1.00e+0","5.99","1.00e+0","9.94e-1","1.38e-2"
"GOTERM_BP_DIRECT","tumor necrosis factor-mediated signaling pathway","1.05%","3","281","53","29712","8.92e-2","1.00e+0","5.99","1.00e+0","9.94e-1","1.38e-2"
"GOTERM_BP_DIRECT","negative regulation of gene expression, epigenetic","1.05%","3","281","52","29712","8.63e-2","1.00e+0","6.10","1.00e+0","9.94e-1","1.31e-2"
"GOTERM_BP_DIRECT","positive regulation of tyrosine phosphorylation of STAT protein","1.05%","3","281","52","29712","8.63e-2","1.00e+0","6.10","1.00e+0","9.94e-1","1.31e-2"
"BIOCARTA","IL12 and Stat4 Dependent Signaling Pathway in Th1 Development","1.05%","3","30","22","1286","8.59e-2","3.77e-1","5.85","9.94e-1","3.50e-1","1.31e-2"
"BIOCARTA","Stathmin and breast cancer resistance to antimicrotubule agents","1.05%","3","30","22","1286","8.59e-2","3.77e-1","5.85","9.94e-1","3.50e-1","1.31e-2"
"GOTERM_MF_DIRECT","single-stranded RNA binding","1.05%","3","277","51","28924","8.53e-2","9.28e-1","6.14","1.00e+0","9.18e-1","1.29e-2"
"GOTERM_MF_DIRECT","chemokine activity","1.05%","3","277","51","28924","8.53e-2","9.28e-1","6.14","1.00e+0","9.18e-1","1.29e-2"
"GOTERM_CC_DIRECT","sarcomere","1.05%","3","283","51","29722","8.45e-2","7.42e-1","6.18","1.00e+0","6.99e-1","1.27e-2"
"GOTERM_BP_DIRECT","animal organ regeneration","1.05%","3","281","51","29712","8.35e-2","1.00e+0","6.22","1.00e+0","9.94e-1","1.25e-2"
"INTERPRO","Glutathione-S-Trfase_C-like","1.05%","3","286","37","22271","8.11e-2","1.00e+0","6.31","1.00e+0","9.94e-1","1.18e-2"
"BIOCARTA","Activation of Csk by cAMP-dependent Protein Kinase Inhibits Signaling through the T Cell Receptor","1.05%","3","30","21","1286","7.92e-2","3.77e-1","6.12","9.91e-1","3.50e-1","1.15e-2"
"UP_KW_BIOLOGICAL_PROCESS","Host-virus interaction","1.05%","3","157","34","11473","7.77e-2","1.00e+0","6.45","1.00e+0","1.00e+0","1.10e-2"
"INTERPRO","Chemokine_b/g/d","1.05%","3","286","36","22271","7.74e-2","1.00e+0","6.49","1.00e+0","9.94e-1","1.09e-2"
"INTERPRO","Glutathione_S-Trfase","1.05%","3","286","36","22271","7.74e-2","1.00e+0","6.49","1.00e+0","9.94e-1","1.09e-2"
"BIOCARTA","Role of Tob in T-cell activation","1.05%","3","30","20","1286","7.26e-2","3.77e-1","6.43","9.86e-1","3.50e-1","1.00e-2"
"GOTERM_BP_DIRECT","negative regulation of smooth muscle cell proliferation","1.05%","3","281","47","29712","7.25e-2","1.00e+0","6.75","1.00e+0","9.94e-1","9.99e-3"
"GOTERM_BP_DIRECT","positive regulation of bone mineralization","1.05%","3","281","46","29712","6.99e-2","1.00e+0","6.90","1.00e+0","9.94e-1","9.41e-3"
"GOTERM_BP_DIRECT","positive regulation of calcium-mediated signaling","1.05%","3","281","45","29712","6.72e-2","1.00e+0","7.05","1.00e+0","9.94e-1","8.86e-3"
"KEGG_PATHWAY","Antifolate resistance","1.05%","3","140","29","9565","6.60e-2","1.00e+0","7.07","1.00e+0","1.00e+0","8.49e-3"
"GOTERM_BP_DIRECT","positive regulation of smooth muscle cell migration","1.05%","3","281","44","29712","6.46e-2","1.00e+0","7.21","1.00e+0","9.94e-1","8.33e-3"
"GOTERM_BP_DIRECT","regulation of lipid metabolic process","1.05%","3","281","44","29712","6.46e-2","1.00e+0","7.21","1.00e+0","9.94e-1","8.33e-3"
"GOTERM_BP_DIRECT","endoderm development","1.05%","3","281","43","29712","6.21e-2","1.00e+0","7.38","1.00e+0","9.94e-1","7.81e-3"
"GOTERM_BP_DIRECT","intrinsic apoptotic signaling pathway in response to endoplasmic reticulum stress","1.05%","3","281","43","29712","6.21e-2","1.00e+0","7.38","1.00e+0","9.94e-1","7.81e-3"
"UP_SEQ_FEATURE","DOMAIN:Chemokine interleukin-8-like","1.05%","3","281","32","22253","6.11e-2","1.00e+0","7.42","1.00e+0","1.00e+0","7.54e-3"
"GOTERM_MF_DIRECT","protein phosphatase 2A binding","1.05%","3","277","42","28924","6.09e-2","9.28e-1","7.46","1.00e+0","9.18e-1","7.57e-3"
"BIOCARTA","The Co-Stimulatory Signal During T-cell Activation","1.05%","3","30","18","1286","6.01e-2","3.77e-1","7.14","9.71e-1","3.50e-1","7.39e-3"
"SMART","RA","1.05%","3","151","29","10943","5.95e-2","1.00e+0","7.50","1.00e+0","1.00e+0","7.24e-3"
"KEGG_PATHWAY","Folate transport and metabolism","1.05%","3","140","27","9565","5.81e-2","1.00e+0","7.59","1.00e+0","1.00e+0","6.94e-3"
"GOTERM_BP_DIRECT","positive regulation of BMP signaling pathway","1.05%","3","281","40","29712","5.46e-2","1.00e+0","7.93","1.00e+0","9.94e-1","6.39e-3"
"BIOCARTA","NO2-dependent IL 12 Pathway in NK cells","1.05%","3","30","17","1286","5.42e-2","3.77e-1","7.56","9.58e-1","3.50e-1","6.25e-3"
"GOTERM_BP_DIRECT","regulation of canonical NF-kappaB signal transduction","1.05%","3","281","39","29712","5.22e-2","1.00e+0","8.13","1.00e+0","9.94e-1","5.95e-3"
"GOTERM_BP_DIRECT","positive regulation of phosphorylation","1.05%","3","281","39","29712","5.22e-2","1.00e+0","8.13","1.00e+0","9.94e-1","5.95e-3"
"UP_SEQ_FEATURE","REPEAT:TPR 9","1.05%","3","281","29","22253","5.13e-2","1.00e+0","8.19","1.00e+0","1.00e+0","5.71e-3"
"GOTERM_BP_DIRECT","blood vessel morphogenesis","1.05%","3","281","38","29712","4.98e-2","1.00e+0","8.35","1.00e+0","9.94e-1","5.53e-3"
"GOTERM_BP_DIRECT","positive regulation of osteoclast differentiation","1.05%","3","281","38","29712","4.98e-2","1.00e+0","8.35","1.00e+0","9.94e-1","5.53e-3"
"GOTERM_BP_DIRECT","positive regulation of collagen biosynthetic process","1.05%","3","281","37","29712","4.75e-2","1.00e+0","8.57","1.00e+0","9.94e-1","5.13e-3"
"GOTERM_BP_DIRECT","positive regulation of cell-matrix adhesion","1.05%","3","281","36","29712","4.52e-2","1.00e+0","8.81","1.00e+0","9.94e-1","4.74e-3"
"BIOCARTA","CTL mediated immune response against target cells","1.05%","3","30","15","1286","4.30e-2","3.50e-1","8.57","9.18e-1","3.26e-1","4.32e-3"
"GOTERM_BP_DIRECT","negative regulation of endothelial cell proliferation","1.05%","3","281","35","29712","4.29e-2","1.00e+0","9.06","1.00e+0","9.94e-1","4.38e-3"
"BIOCARTA","IL 17 Signaling Pathway","1.05%","3","30","14","1286","3.78e-2","3.50e-1","9.19","8.89e-1","3.26e-1","3.51e-3"
"GOTERM_BP_DIRECT","lipoprotein metabolic process","1.05%","3","281","31","29712","3.44e-2","9.46e-1","10.23","1.00e+0","9.40e-1","3.09e-3"
"GOTERM_BP_DIRECT","negative regulation of TOR signaling","1.05%","3","281","31","29712","3.44e-2","9.46e-1","10.23","1.00e+0","9.40e-1","3.09e-3"
"GOTERM_BP_DIRECT","release of cytochrome c from mitochondria","1.05%","3","281","31","29712","3.44e-2","9.46e-1","10.23","1.00e+0","9.40e-1","3.09e-3"
"BIOCARTA","T Helper Cell Surface Molecules","1.05%","3","30","13","1286","3.28e-2","3.50e-1","9.89","8.51e-1","3.26e-1","2.80e-3"
"BIOCARTA","T Cytotoxic Cell Surface Molecules","1.05%","3","30","13","1286","3.28e-2","3.50e-1","9.89","8.51e-1","3.26e-1","2.80e-3"
"GOTERM_CC_DIRECT","high-density lipoprotein particle","1.05%","3","283","30","29722","3.28e-2","3.57e-1","10.50","1.00e+0","3.37e-1","2.87e-3"
"GOTERM_BP_DIRECT","leukocyte cell-cell adhesion","1.05%","3","281","30","29712","3.24e-2","9.30e-1","10.57","1.00e+0","9.25e-1","2.81e-3"
"GOTERM_BP_DIRECT","negative regulation of type I interferon-mediated signaling pathway","1.05%","3","281","30","29712","3.24e-2","9.30e-1","10.57","1.00e+0","9.25e-1","2.81e-3"
"GOTERM_CC_DIRECT","Golgi lumen","1.05%","3","283","29","29722","3.08e-2","3.47e-1","10.86","1.00e+0","3.28e-1","2.60e-3"
"GOTERM_BP_DIRECT","negative regulation of miRNA transcription","1.05%","3","281","29","29712","3.04e-2","9.09e-1","10.94","1.00e+0","9.03e-1","2.55e-3"
"UP_SEQ_FEATURE","REPEAT:TPR 10","1.05%","3","281","21","22253","2.83e-2","1.00e+0","11.31","1.00e+0","1.00e+0","2.24e-3"
"GOTERM_CC_DIRECT","very-low-density lipoprotein particle","1.05%","3","283","27","29722","2.69e-2","3.27e-1","11.67","1.00e+0","3.09e-1","2.11e-3"
"GOTERM_BP_DIRECT","T cell costimulation","1.05%","3","281","26","29712","2.48e-2","8.13e-1","12.20","1.00e+0","8.07e-1","1.85e-3"
"UP_SEQ_FEATURE","DOMAIN:TSP type-1","1.05%","3","281","19","22253","2.34e-2","1.00e+0","12.50","1.00e+0","1.00e+0","1.66e-3"
"GOTERM_BP_DIRECT","positive regulation of protein localization to cell surface","1.05%","3","281","25","29712","2.30e-2","7.92e-1","12.69","1.00e+0","7.87e-1","1.65e-3"
"GOTERM_BP_DIRECT","positive regulation of chemotaxis","1.05%","3","281","24","29712","2.13e-2","7.60e-1","13.22","1.00e+0","7.55e-1","1.46e-3"
"BIOCARTA","HIV Induced T Cell Apoptosis","1.05%","3","30","10","1286","1.98e-2","3.50e-1","12.86","6.79e-1","3.26e-1","1.23e-3"
"BIOCARTA","Lck and Fyn tyrosine kinases in initiation of TCR Activation","1.05%","3","30","10","1286","1.98e-2","3.50e-1","12.86","6.79e-1","3.26e-1","1.23e-3"
"GOTERM_BP_DIRECT","negative regulation of blood vessel endothelial cell migration","1.05%","3","281","22","29712","1.81e-2","6.85e-1","14.42","1.00e+0","6.80e-1","1.13e-3"
"GOTERM_BP_DIRECT","blood vessel endothelial cell migration","1.05%","3","281","21","29712","1.65e-2","6.49e-1","15.11","1.00e+0","6.45e-1","9.81e-4"
"GOTERM_BP_DIRECT","cellular response to exogenous dsRNA","1.05%","3","281","19","29712","1.36e-2","6.00e-1","16.70","1.00e+0","5.96e-1","7.25e-4"
"GOTERM_BP_DIRECT","negative regulation of oligodendrocyte differentiation","1.05%","3","281","18","29712","1.23e-2","5.90e-1","17.62","1.00e+0","5.86e-1","6.15e-4"
"INTERPRO","ApoL","1.05%","3","286","13","22271","1.16e-2","9.00e-1","17.97","1.00e+0","8.94e-1","5.45e-4"
"GOTERM_MF_DIRECT","actinin binding","1.05%","3","277","17","28924","1.12e-2","4.55e-1","18.43","9.98e-1","4.50e-1","5.35e-4"
"GOTERM_BP_DIRECT","positive regulation of calcium ion transport into cytosol","1.05%","3","281","17","29712","1.10e-2","5.86e-1","18.66","1.00e+0","5.83e-1","5.16e-4"
"GOTERM_MF_DIRECT","sequence-specific mRNA binding","1.05%","3","277","16","28924","9.97e-3","4.35e-1","19.58","9.97e-1","4.30e-1","4.44e-4"
"GOTERM_CC_DIRECT","alpha-beta T cell receptor complex","1.05%","3","283","15","29722","8.68e-3","1.37e-1","21.00","9.36e-1","1.29e-1","3.57e-4"
"GOTERM_BP_DIRECT","tetrahydrofolate interconversion","1.05%","3","281","15","29712","8.57e-3","5.18e-1","21.15","1.00e+0","5.15e-1","3.50e-4"
"GOTERM_BP_DIRECT","interleukin-27-mediated signaling pathway","1.05%","3","281","15","29712","8.57e-3","5.18e-1","21.15","1.00e+0","5.15e-1","3.50e-4"
"GOTERM_CC_DIRECT","ribbon synapse","1.05%","3","283","12","29722","5.56e-3","9.76e-2","26.26","8.28e-1","9.21e-2","1.76e-4"
"BIOCARTA","T Cell Receptor and CD3 Complex","1.05%","3","30","5","1286","4.71e-3","2.68e-1","25.72","2.36e-1","2.50e-1","1.11e-4"
"GOTERM_BP_DIRECT","bleb assembly","1.05%","3","281","11","29712","4.60e-3","3.51e-1","28.84","1.00e+0","3.49e-1","1.31e-4"
"SMART","ITAM","1.05%","3","151","7","10943","3.75e-3","5.58e-1","31.06","4.28e-1","5.58e-1","8.66e-5"
"INTERPRO","Phos_immunorcpt_sig_ITAM","1.05%","3","286","7","22271","3.28e-3","2.76e-1","33.37","9.64e-1","2.74e-1","7.06e-5"
"GOTERM_BP_DIRECT","toxin metabolic process","1.05%","3","281","9","29712","3.05e-3","2.80e-1","35.25","9.97e-1","2.78e-1","6.74e-5"
"UP_SEQ_FEATURE","REGION:GTPase domain (Globular)","1.05%","3","281","6","22253","2.29e-3","1.00e+0","39.60","9.54e-1","1.00e+0","3.87e-5"
"GOTERM_CC_DIRECT","symbiont-containing vacuole membrane","1.05%","3","283","7","29722","1.83e-3","4.44e-2","45.01","4.39e-1","4.18e-2","2.91e-5"
"GOTERM_BP_DIRECT","response to type I interferon","0.70%","2","281","11","29712","9.89e-2","1.00e+0","19.22","1.00e+0","9.94e-1","4.63e-3"
"GOTERM_BP_DIRECT","centriole-centriole cohesion","0.70%","2","281","11","29712","9.89e-2","1.00e+0","19.22","1.00e+0","9.94e-1","4.63e-3"
"GOTERM_BP_DIRECT","positive regulation of RIG-I signaling pathway","0.70%","2","281","11","29712","9.89e-2","1.00e+0","19.22","1.00e+0","9.94e-1","4.63e-3"
"GOTERM_BP_DIRECT","negative regulation of AIM2 inflammasome complex assembly","0.70%","2","281","11","29712","9.89e-2","1.00e+0","19.22","1.00e+0","9.94e-1","4.63e-3"
"GOTERM_BP_DIRECT","anoikis","0.70%","2","281","11","29712","9.89e-2","1.00e+0","19.22","1.00e+0","9.94e-1","4.63e-3"
"GOTERM_BP_DIRECT","ganglioside biosynthetic process","0.70%","2","281","11","29712","9.89e-2","1.00e+0","19.22","1.00e+0","9.94e-1","4.63e-3"
"GOTERM_BP_DIRECT","positive regulation of endothelial cell differentiation","0.70%","2","281","11","29712","9.89e-2","1.00e+0","19.22","1.00e+0","9.94e-1","4.63e-3"
"INTERPRO","Proteasome_alpha","0.70%","2","286","8","22271","9.79e-2","1.00e+0","19.47","1.00e+0","9.94e-1","4.37e-3"
"INTERPRO","Proteasome_asu_N","0.70%","2","286","8","22271","9.79e-2","1.00e+0","19.47","1.00e+0","9.94e-1","4.37e-3"
"INTERPRO","Proteasome_alpha-type","0.70%","2","286","8","22271","9.79e-2","1.00e+0","19.47","1.00e+0","9.94e-1","4.37e-3"
"INTERPRO","2-5OAS_C_CS","0.70%","2","286","8","22271","9.79e-2","1.00e+0","19.47","1.00e+0","9.94e-1","4.37e-3"
"UP_SEQ_FEATURE","DOMAIN:Proteasome alpha-type subunits","0.70%","2","281","8","22253","9.64e-2","1.00e+0","19.80","1.00e+0","1.00e+0","4.23e-3"
"GOTERM_BP_DIRECT","coronary artery morphogenesis","0.70%","2","281","10","29712","9.04e-2","1.00e+0","21.15","1.00e+0","9.94e-1","3.81e-3"
"GOTERM_BP_DIRECT","membranous septum morphogenesis","0.70%","2","281","10","29712","9.04e-2","1.00e+0","21.15","1.00e+0","9.94e-1","3.81e-3"
"GOTERM_BP_DIRECT","response to UV-C","0.70%","2","281","10","29712","9.04e-2","1.00e+0","21.15","1.00e+0","9.94e-1","3.81e-3"
"GOTERM_BP_DIRECT","negative regulation of cell-cell adhesion mediated by cadherin","0.70%","2","281","10","29712","9.04e-2","1.00e+0","21.15","1.00e+0","9.94e-1","3.81e-3"
"INTERPRO","Viral_Envelope_Glycoprotein","0.70%","2","286","7","22271","8.62e-2","1.00e+0","22.25","1.00e+0","9.94e-1","3.31e-3"
"UP_SEQ_FEATURE","MUTAGEN:K->M: Loss of kinase activity.","0.70%","2","281","7","22253","8.48e-2","1.00e+0","22.63","1.00e+0","1.00e+0","3.20e-3"
"GOTERM_MF_DIRECT","N,N-dimethylaniline monooxygenase activity","0.70%","2","277","9","28924","8.27e-2","9.28e-1","23.20","1.00e+0","9.18e-1","3.15e-3"
"GOTERM_MF_DIRECT","hypotaurine monooxygenase activity","0.70%","2","277","9","28924","8.27e-2","9.28e-1","23.20","1.00e+0","9.18e-1","3.15e-3"
"GOTERM_MF_DIRECT","phosphatidylcholine floppase activity","0.70%","2","277","9","28924","8.27e-2","9.28e-1","23.20","1.00e+0","9.18e-1","3.15e-3"
"GOTERM_BP_DIRECT","NADPH oxidation","0.70%","2","281","9","29712","8.17e-2","1.00e+0","23.50","1.00e+0","9.94e-1","3.07e-3"
"GOTERM_BP_DIRECT","glycosphingolipid metabolic process","0.70%","2","281","9","29712","8.17e-2","1.00e+0","23.50","1.00e+0","9.94e-1","3.07e-3"
"GOTERM_BP_DIRECT","adhesion of symbiont to host","0.70%","2","281","9","29712","8.17e-2","1.00e+0","23.50","1.00e+0","9.94e-1","3.07e-3"
"GOTERM_BP_DIRECT","negative regulation of cytokine-mediated signaling pathway","0.70%","2","281","9","29712","8.17e-2","1.00e+0","23.50","1.00e+0","9.94e-1","3.07e-3"
"SMART","LysM","0.70%","2","151","6","10943","7.95e-2","1.00e+0","24.16","1.00e+0","1.00e+0","2.74e-3"
"INTERPRO","LysM_dom_sf","0.70%","2","286","6","22271","7.44e-2","1.00e+0","25.96","1.00e+0","9.94e-1","2.38e-3"
"INTERPRO","LysM_dom","0.70%","2","286","6","22271","7.44e-2","1.00e+0","25.96","1.00e+0","9.94e-1","2.38e-3"
"GOTERM_MF_DIRECT","CCR5 chemokine receptor binding","0.70%","2","277","8","28924","7.38e-2","9.28e-1","26.10","1.00e+0","9.18e-1","2.46e-3"
"GOTERM_CC_DIRECT","proteasome core complex, alpha-subunit complex","0.70%","2","283","8","29722","7.34e-2","6.63e-1","26.26","1.00e+0","6.25e-1","2.44e-3"
"UP_SEQ_FEATURE","DOMAIN:Ubiquitin-like 2","0.70%","2","281","6","22253","7.32e-2","1.00e+0","26.40","1.00e+0","1.00e+0","2.30e-3"
"UP_SEQ_FEATURE","DOMAIN:Ubiquitin-like 1","0.70%","2","281","6","22253","7.32e-2","1.00e+0","26.40","1.00e+0","1.00e+0","2.30e-3"
"UP_SEQ_FEATURE","DOMAIN:LysM","0.70%","2","281","6","22253","7.32e-2","1.00e+0","26.40","1.00e+0","1.00e+0","2.30e-3"
"GOTERM_BP_DIRECT","positive regulation of pyroptotic inflammatory response","0.70%","2","281","8","29712","7.30e-2","1.00e+0","26.43","1.00e+0","9.94e-1","2.40e-3"
"GOTERM_BP_DIRECT","tetrahydrofolate metabolic process","0.70%","2","281","8","29712","7.30e-2","1.00e+0","26.43","1.00e+0","9.94e-1","2.40e-3"
"GOTERM_MF_DIRECT","hydroperoxy icosatetraenoate dehydratase activity","0.70%","2","277","7","28924","6.49e-2","9.28e-1","29.83","1.00e+0","9.18e-1","1.86e-3"
"GOTERM_BP_DIRECT","regulation of kinase activity","0.70%","2","281","7","29712","6.41e-2","1.00e+0","30.21","1.00e+0","9.94e-1","1.81e-3"
"GOTERM_BP_DIRECT","positive regulation of cell-cell adhesion mediated by integrin","0.70%","2","281","7","29712","6.41e-2","1.00e+0","30.21","1.00e+0","9.94e-1","1.81e-3"
"GOTERM_BP_DIRECT","cytolysis in another organism","0.70%","2","281","7","29712","6.41e-2","1.00e+0","30.21","1.00e+0","9.94e-1","1.81e-3"
"INTERPRO","PH_APBB1IP","0.70%","2","286","5","22271","6.24e-2","1.00e+0","31.15","1.00e+0","9.94e-1","1.60e-3"
"INTERPRO","GRB/APBB1IP","0.70%","2","286","5","22271","6.24e-2","1.00e+0","31.15","1.00e+0","9.94e-1","1.60e-3"
"GOTERM_BP_DIRECT","positive regulation of respiratory burst","0.70%","2","281","6","29712","5.52e-2","1.00e+0","35.25","1.00e+0","9.94e-1","1.30e-3"
"GOTERM_BP_DIRECT","protein folding in endoplasmic reticulum","0.70%","2","281","6","29712","5.52e-2","1.00e+0","35.25","1.00e+0","9.94e-1","1.30e-3"
"GOTERM_BP_DIRECT","negative regulation of T cell migration","0.70%","2","281","6","29712","5.52e-2","1.00e+0","35.25","1.00e+0","9.94e-1","1.30e-3"
"INTERPRO","GGCT-like","0.70%","2","286","4","22271","5.02e-2","1.00e+0","38.94","1.00e+0","9.94e-1","9.69e-4"
"INTERPRO","GGCT-like_sf","0.70%","2","286","4","22271","5.02e-2","1.00e+0","38.94","1.00e+0","9.94e-1","9.69e-4"
"GOTERM_MF_DIRECT","inositol hexakisphosphate binding","0.70%","2","277","5","28924","4.68e-2","9.28e-1","41.77","1.00e+0","9.18e-1","8.97e-4"
"GOTERM_BP_DIRECT","ganglioside metabolic process","0.70%","2","281","5","29712","4.62e-2","1.00e+0","42.29","1.00e+0","9.94e-1","8.75e-4"
"GOTERM_BP_DIRECT","positive regulation of cardiac epithelial to mesenchymal transition","0.70%","2","281","5","29712","4.62e-2","1.00e+0","42.29","1.00e+0","9.94e-1","8.75e-4"
"GOTERM_BP_DIRECT","positive regulation of MHC class I biosynthetic process","0.70%","2","281","5","29712","4.62e-2","1.00e+0","42.29","1.00e+0","9.94e-1","8.75e-4"
"GOTERM_BP_DIRECT","regulation of cell projection assembly","0.70%","2","281","5","29712","4.62e-2","1.00e+0","42.29","1.00e+0","9.94e-1","8.75e-4"
"INTERPRO","BPS-dom","0.70%","2","286","3","22271","3.79e-2","1.00e+0","51.91","1.00e+0","9.94e-1","4.89e-4"
"INTERPRO","CD3_esu/gsu/dsu","0.70%","2","286","3","22271","3.79e-2","1.00e+0","51.91","1.00e+0","9.94e-1","4.89e-4"
"GOTERM_BP_DIRECT","dTTP biosynthetic process","0.70%","2","281","4","29712","3.72e-2","9.54e-1","52.87","1.00e+0","9.49e-1","5.28e-4"
"GOTERM_BP_DIRECT","oncostatin-M-mediated signaling pathway","0.70%","2","281","4","29712","3.72e-2","9.54e-1","52.87","1.00e+0","9.49e-1","5.28e-4"
"UP_SEQ_FEATURE","MOTIF:Cy","0.70%","2","281","2","22253","2.50e-2","1.00e+0","79.19","1.00e+0","1.00e+0","1.59e-4"
"UP_SEQ_FEATURE","REGION:Interaction with CAV1","0.70%","2","281","2","22253","2.50e-2","1.00e+0","79.19","1.00e+0","1.00e+0","1.59e-4"
"GOTERM_MF_DIRECT","structural molecule activity conferring elasticity","0.70%","2","277","2","28924","1.90e-2","6.27e-1","104.42","1.00e+0","6.20e-1","9.14e-5"
"GOTERM_BP_DIRECT","MDA-5 signaling pathway","0.70%","2","281","2","29712","1.88e-2","6.95e-1","105.74","1.00e+0","6.90e-1","8.91e-5"

